b2000,b2000,CL_DEV_002_2000.nii
b2000,b2000,CL_DEV_004_2000.nii
b2000,b2000,CL_DEV_005_2000.nii
b2000,b2000,CL_DEV_007_2000.nii
b2000,b2000,CL_DEV_008_2000.nii
b2000,b2000,CL_DEV_011_2000.nii
b2000,b2000,CL_DEV_012_2000.nii
b2000,b2000,CL_DEV_015_2000.nii
b2000,b2000,CL_DEV_016_2000.nii
b2000,b2000,CL_DEV_017_2000.nii
b2000,b2000,CL_DEV_018_2000.nii
b2000,b2000,CL_DEV_019_2000.nii
b2000,b2000,CL_DEV_022_2000.nii
b2000,b2000,CL_DEV_023_2000.nii
b2000,b2000,CL_DEV_024_2000.nii
b2000,b2000,CL_DEV_025_2000.nii
b2000,b2000,CL_DEV_027_2000.nii
b2000,b2000,CL_DEV_028_2000.nii
b2000,b2000,CL_DEV_029_2000.nii
b2000,b2000,CL_DEV_031_2000.nii
b2000,b2000,CL_DEV_032_2000.nii
b2000,b2000,CL_DEV_033_2000.nii
b2000,b2000,CL_DEV_034_2000.nii
b2000,b2000,PS0143101_2000.nii
b2000,b2000,PS0536101_2000.nii
b2000,b2000,PS0548101_2000.nii
b2000,b2000,PS0935101_2000.nii
b2000,b2000,PS1064101_2000.nii
b2000,b2000,PS1119101_2000.nii
b2000,b2000,PS1120101_2000.nii
b2000,b2000,PS1183101_2000.nii
b2000,b2000,PS1313101_2000.nii
b2000,b2000,PS1432101_2000.nii
b2000,b2000,PS14_071_2000.nii
b2000,b2000,PS14_073_2000.nii
b2000,b2000,PS14_074_2000.nii
b2000,b2000,PS14_075_2000.nii
b2000,b2000,PS14_079_2000.nii
b2000,b2000,PS14_094_2000.nii
b2000,b2000,PS14_101_2000.nii
b2000,b2000,PS14_103_2000.nii
b2000,b2000,PS14_110_2000.nii
b2000,b2000,PS14_111_2000.nii
b2000,b2000,PS14_115_2000.nii
b2000,b2000,PS14_117_2000.nii
b2000,b2000,PS14_120_2000.nii
b2000,b2000,PS14_121_2000.nii
b2000,b2000,PS14_122_2000.nii
b2000,b2000,PS14_132_2000.nii
b2000,b2000,PS14_135_2000.nii
b2000,b2000,PS14_138_2000.nii
b2000,b2000,PS14_139_2000.nii
b2000,b2000,PS15_002_2000.nii
b2000,b2000,PS15_003_2000.nii
b2000,b2000,PS15_004_2000.nii
b2000,b2000,PS15_009_2000.nii
b2000,b2000,PS15_012_2000.nii
b2000,b2000,PS15_020_2000.nii
b2000,b2000,PS15_022_2000.nii
b2000,b2000,PS15_031_2000.nii
b2000,b2000,PS15_033_2000.nii
b2000,b2000,PS15_037_2000.nii
b2000,b2000,PS15_041_2000.nii
b2000,b2000,PS15_045_2000.nii
b2000,b2000,PS15_049_2000.nii
b2000,b2000,PS15_052_2000.nii
b2000,b2000,PS15_056_2000.nii
b2000,b2000,PS15_057_2000.nii
b2000,b2000,PS15_068_2000.nii
b2000,b2000,PS15_070_2000.nii
b2000,b2000,PS15_077_2000.nii
b2000,b2000,PS15_079_2000.nii
b2000,b2000,PS15_081_2000.nii
b2000,b2000,PS15_082_2000.nii
b2000,b2000,PS15_084_2000.nii
b2000,b2000,PS15_086_2000.nii
b2000,b2000,PS15_092_2000.nii
b2000,b2000,PS15_094_2000.nii
b2000,b2000,PS15_095_2000.nii
b2000,b2000,PS15_098_2000.nii
b2000,b2000,PS15_099_2000.nii
b2000,b2000,PS15_108_2000.nii
b2000,b2000,PS15_110_2000.nii
b2000,b2000,PS15_111_2000.nii
b2000,b2000,PS15_113_2000.nii
b2000,b2000,PS15_115_2000.nii
b2000,b2000,PS15_116_2000.nii
b2000,b2000,PS15_121_2000.nii
b2000,b2000,PS15_124_2000.nii
b2000,b2000,PS15_125_2000.nii
b2000,b2000,PS15_128_2000.nii
b2000,b2000,PS15_129_2000.nii
b2000,b2000,PS15_131_2000.nii
b2000,b2000,PS15_136_2000.nii
b2000,b2000,PS15_139_2000.nii
b2000,b2000,PS15_144_2000.nii
b2000,b2000,PS16_001_2000.nii
b2000,b2000,PS16_003_2000.nii
b2000,b2000,PS16_004_2000.nii
b2000,b2000,PS16_008_2000.nii
b2000,b2000,PS16_010_2000.nii
b2000,b2000,PS16_011_2000.nii
b2000,b2000,PS16_013_2000.nii
b2000,b2000,PS16_015_2000.nii
b2000,b2000,PS16_018_2000.nii
b2000,b2000,PS16_019_2000.nii
b2000,b2000,PS16_022_2000.nii
b2000,b2000,PS16_024_2000.nii
b2000,b2000,PS16_025_2000.nii
b2000,b2000,PS16_028_2000.nii
b2000,b2000,PS16_030_2000.nii
b2000,b2000,PS16_031_2000.nii
b2000,b2000,PS16_032_2000.nii
b2000,b2000,PS16_033_2000.nii
b2000,b2000,PS16_034_2000.nii
b2000,b2000,PS16_036_2000.nii
b2000,b2000,PS16_037_2000.nii
b2000,b2000,PS16_038_2000.nii
b2000,b2000,PS16_039_2000.nii
b2000,b2000,PS16_044_2000.nii
b2000,b2000,PS16_045_2000.nii
b2000,b2000,PS16_046_2000.nii
b2000,b2000,PS16_047_2000.nii
b2000,b2000,PS16_049_2000.nii
b2000,b2000,PS16_050_2000.nii
b2000,b2000,PS16_051_2000.nii
b2000,b2000,PS16_052_2000.nii
b2000,b2000,PS16_054_2000.nii
b2000,b2000,PS16_055_2000.nii
b2000,b2000,PS16_057_2000.nii
b2000,b2000,PS16_058_2000.nii
b2000,b2000,PS16_060_2000.nii
b2000,b2000,PS16_063_2000.nii
b2000,b2000,PS16_068_2000.nii
b2000,b2000,PS16_069_2000.nii
b2000,b2000,PS16_070_2000.nii
b2000,b2000,PS16_071_2000.nii
b2000,b2000,PS16_076_2000.nii
b2000,b2000,PS16_077_2000.nii
b2000,b2000,PS16_078_2000.nii
b2000,b2000,PS16_083_2000.nii
b2000,b2000,PS16_085_2000.nii
b2000,b2000,PS16_086_2000.nii
b2000,b2000,PS16_087_2000.nii
b2000,b2000,PS17_001_2000.nii
b2000,b2000,PS17_002_2000.nii
b2000,b2000,PS17_006_2000.nii
b2000,b2000,PS17_007_2000.nii
b2000,b2000,PS17_008_2000.nii
b2000,b2000,PS17_009_2000.nii
b2000,b2000,PS17_010_2000.nii
b2000,b2000,PS17_011_2000.nii
b2000,b2000,PS17_012_2000.nii
b2000,b2000,PS17_013_2000.nii
b2000,b2000,PS17_014_2000.nii
b2000,b2000,PS17_015_2000.nii
b2000,b2000,PS17_016_2000.nii
b2000,b2000,PS17_017_2000.nii
b2000,b2000,PS17_018_2000.nii
b2000,b2000,PS17_020_2000.nii
b2000,b2000,PS17_022_2000.nii
b2000,b2000,PS17_023_2000.nii
b2000,b2000,PS17_025_2000.nii
b2000,b2000,PS17_026_2000.nii
b2000,b2000,PS17_027_2000.nii
b2000,b2000,PS17_028_2000.nii
b2000,b2000,PS17_029_2000.nii
b2000,b2000,PS17_031_2000.nii
b2000,b2000,PS17_032_2000.nii
b2000,b2000,PS17_033_2000.nii
b2000,b2000,PS17_034_2000.nii
b2000,b2000,PS17_035_2000.nii
b2000,b2000,PS17_037_2000.nii
b2000,b2000,PS17_038_2000.nii
b2000,b2000,PS17_041_2000.nii
b2000,b2000,PS17_044_2000.nii
b2000,b2000,PS17_045_2000.nii
b2000,b2000,PS17_047_2000.nii
b2000,b2000,PS17_050_2000.nii
b2000,b2000,PS17_051_2000.nii
b2000,b2000,PS17_054_2000.nii
b2000,b2000,PS17_055_2000.nii
b2000,b2000,PS17_056_2000.nii
b2000,b2000,PS17_8094101_2000.nii
b2000,b2000,PS18_001_2000.nii
b2000,b2000,PS18_002_2000.nii
b2000,b2000,PS18_004_2000.nii
b2000,b2000,PS18_005_2000.nii
b2000,b2000,PS18_008_2000.nii
b2000,b2000,PS18_009_2000.nii
b2000,b2000,PS18_011_2000.nii
b2000,b2000,PS18_012_2000.nii
b2000,b2000,PS18_013_2000.nii
b2000,b2000,PS18_014_2000.nii
b2000,b2000,PS18_015_2000.nii
b2000,b2000,PS18_016_2000.nii
b2000,b2000,PS18_017_2000.nii
b2000,b2000,PS18_019_2000.nii
b2000,b2000,PS18_021_2000.nii
b2000,b2000,PS18_022_2000.nii
b2000,b2000,PS18_023_2000.nii
b2000,b2000,PS18_024_2000.nii
b2000,b2000,PS18_025_2000.nii
b2000,b2000,PS18_026_2000.nii
b2000,b2000,PS18_027_2000.nii
b2000,b2000,PS18_028_2000.nii
b2000,b2000,PS18_031_2000.nii
b2000,b2000,PS18_032_2000.nii
b2000,b2000,PS18_034_2000.nii
b2000,b2000,PS18_036_2000.nii
b2000,b2000,PS18_039_2000.nii
b2000,b2000,PS18_040_2000.nii
b2000,b2000,PS18_041_2000.nii
b2000,b2000,PS18_042_2000.nii
b2000,b2000,PS18_043_2000.nii
b2000,b2000,PS18_044_2000.nii
b2000,b2000,PS18_046_2000.nii
b2000,b2000,PS18_1497_2000.nii
b2000,b2000,PS18_1519_2000.nii
b2000,b2000,PS18_1549_2000.nii
b2000,b2000,PS18_1554_2000.nii
b2000,b2000,PS18_1558_2000.nii
b2000,b2000,PS18_1567_2000.nii
b2000,b2000,PS18_1596_2000.nii
b2000,b2000,PS18_1601_2000.nii
b2000,b2000,PS18_5157_2000.nii
